,image,emotion
41,George_W_Bush_0257.jpg,1
381,Dan_Wheldon_0001.jpg,1
107,Emmy_Rossum_0001.jpg,0
1172,Avinash_18.jpg,4
1912,Oprah_Winfrey_0002.jpg,2
494,Bobby_Robson_0002.jpg,1
973,Bob_Huggins_0001.jpg,3
1494,Dwarakish_107.jpg,5
105,Jim_Furyk_0006.jpg,1
1704,FaridaJalal_75.jpg,4
1891,FaridaJalal_57.jpg,5
1139,Lee_Hoi-chang_0003.jpg,2
1733,Dwarakish_33.jpg,5
225,Rodrigo_Borja_0002.jpg,0
930,George_McCloud_0001.jpg,0
1689,Dwarakish_34.jpg,5
577,Marc_Leger_0001.jpg,1
351,Lance_Armstrong_0013.jpg,0
1074,Tim_Henman_0015.jpg,0
1019,Tom_Crean_0004.jpg,0
137,Carlos_Moya_0004.jpg,0
1616,Serena_Williams_0005.jpg,3
1789,Nathan_Lane_0001.jpg,2
1801,Michael_Chang_0002.jpg,2
2115,Robert_Duvall_0008.jpg,2
1066,Alexandra_Pelosi_0001.jpg,0
1182,Tommy_Haas_0006.jpg,3
1861,Martin_Keown_0001.jpg,2
896,Donald_Rumsfeld_0002.jpg,1
770,Dwarakish_83.jpg,4
561,George_W_Bush_0412.jpg,1
382,Colin_Powell_0011.jpg,1
385,Susan_Walvius_0001.jpg,1
771,Megawati_Sukarnoputri_0014.jpg,1
1032,Hisashi_Owada_0001.jpg,0
736,Hugh_Carey_0001.jpg,1
583,Lee_Soo-hyuck_0001.jpg,1
929,Mohammed_Abu_Sharia_0001.jpg,0
1145,Lleyton_Hewitt_0014.jpg,3
1790,Tim_Matheson_0001.jpg,3
948,Natalya_Sazanovich_0001.jpg,1
1569,Jennifer_Capriati_0016.jpg,3
1004,Lindsay_Davenport_0002.jpg,3
1857,John_Negroponte_0021.jpg,2
196,Turner_Gill_0001.jpg,0
1478,Lleyton_Hewitt_0015.jpg,3
539,Natalie_Imbruglia_0001.jpg,0
783,Howard_Stern_0001.jpg,1
802,Will_Smith_0002.jpg,0
163,Dileep_63.jpg,1
503,Charles_Moose_0012.jpg,1
750,Joy_Lee_Sadler_0001.jpg,1
836,Vanessa_Laine_0001.jpg,0
423,Constance_Marie_0002.jpg,0
38,George_W_Bush_0234.jpg,1
1879,Mike_Brey_0002.jpg,3
172,Mike_Myers_0004.jpg,2
818,Fann_Wong_0001.jpg,0
1336,Jayamadhuri_88.jpg,4
981,Dileep_78.jpg,3
745,Mary_Katherine_Smart_0001.jpg,0
1736,Dwarakish_70.jpg,5
1788,HrithikRoshan_188.jpg,2
2051,HrithikRoshan_119.jpg,5
613,Spencer_Abraham_0007.jpg,1
472,George_W_Bush_0452.jpg,1
294,Flor_Montulo_0002.jpg,0
982,Dwarakish_91.jpg,5
1184,Phil_Bennett_0001.jpg,3
373,Junichiro_Koizumi_0007.jpg,1
237,Jayamadhuri_71.jpg,5
608,Muhammad_Ali_0006.jpg,0
1888,George_Tenet_0002.jpg,2
147,Alvaro_Uribe_0027.jpg,1
1115,Dwarakish_113.jpg,4
1794,Dwarakish_65.jpg,5
1211,Dwarakish_108.jpg,5
863,Jennifer_Lopez_0016.jpg,0
142,Joe_Lieberman_0001.jpg,0
1694,Bill_Simon_0004.jpg,2
209,Alejandro_Lembo_0001.jpg,0
454,SharmilaTagore_18.jpg,0
1836,Jennifer_Capriati_0015.jpg,3
679,Jayamadhuri_165.jpg,4
1248,Dan_Monson_0001.jpg,2
58,Sergey_Lavrov_0006.jpg,1
335,Yevgeny_Kafelnikov_0001.jpg,0
993,Andre_Agassi_0032.jpg,0
790,Jennifer_Aniston_0017.jpg,0
718,HrithikRoshan_91.jpg,1
1313,Alvaro_Uribe_0014.jpg,2
1571,Jayamadhuri_91.jpg,4
60,Esad_Landzo_0001.jpg,1
1403,Amanda_Coetzer_0001.jpg,4
1051,Sandra_Day_OConner_0001.jpg,0
1379,HrithikRoshan_176.jpg,4
220,Gloria_Macapagal_Arroyo_0022.jpg,1
1548,Dwarakish_129.jpg,5
1187,SharmilaTagore_32.jpg,2
1522,HrithikRoshan_121.jpg,5
2045,Charles_Moose_0001.jpg,3
696,Donald_Rumsfeld_0008.jpg,0
1695,Dwarakish_144.jpg,5
1875,Mark_Schweiker_0002.jpg,2
875,Desiree_Lemosi_0002.jpg,0
352,Bob_Bowlsby_0001.jpg,0
5,Charles_Rogers_0001.jpg,1
1530,Eric_Taino_0001.jpg,3
22,Mel_Karmazin_0001.jpg,0
1947,Tom_Crean_0002.jpg,2
2025,Dwarakish_180.jpg,5
760,John_Negroponte_0027.jpg,1
1633,Mike_Krzyzewski_0005.jpg,3
1014,Jennifer_Capriati_0002.jpg,3
542,Kevin_Spacey_0004.jpg,0
201,Eduard_Shevardnadze_0001.jpg,1
1972,Tim_Lobinger_0001.jpg,4
473,Ismail_Cem_0001.jpg,0
919,Silvio_Berlusconi_0010.jpg,1
754,Tony_Shalhoub_0004.jpg,1
1475,Stan_Heath_0002.jpg,2
1315,Rick_Carlisle_0002.jpg,3
1938,HrithikRoshan_6.jpg,4
445,Al_Davis_0001.jpg,0
1065,Lindsay_Davenport_0013.jpg,0
1802,Martin_Brodeur_0001.jpg,2
1233,FaridaJalal_73.jpg,4
1595,Dwarakish_39.jpg,5
932,David_Stern_0003.jpg,0
1156,James_Brosnahan_0001.jpg,2
1427,Dwarakish_81.jpg,4
1591,Michelle_Branch_0002.jpg,3
1401,Jayamadhuri_28.jpg,5
537,Cherie_Blair_0002.jpg,2
600,FaridaJalal_70.jpg,1
1709,Avinash_24.jpg,4
463,George_W_Bush_0377.jpg,1
434,George_W_Bush_0340.jpg,1
1608,Dwarakish_60.jpg,5
961,Hutomo_Mandala_Putra_0001.jpg,0
1219,Jim_Carrey_0003.jpg,2
1169,HrithikRoshan_47.jpg,4
1123,Stephanie_Cohen_Aloro_0001.jpg,6
1653,John_Elway_0001.jpg,2
1971,Avinash_10.jpg,4
160,Jesse_Jackson_0008.jpg,1
1922,Hugo_Chavez_0034.jpg,3
2075,George_W_Bush_0492.jpg,3
626,Billy_Bob_Thornton_0001.jpg,0
690,Ben_Howland_0003.jpg,1
795,Silvio_Berlusconi_0025.jpg,1
364,HrithikRoshan_25.jpg,0
120,David_Brent_0001.jpg,1
649,Tony_Blair_0035.jpg,0
433,Abel_Pacheco_0001.jpg,1
1815,Robert_Blake_0004.jpg,4
1841,Avinash_28.jpg,6
1328,James_Schultz_0002.jpg,2
668,Dwarakish_53.jpg,5
200,Jamie_Dimon_0001.jpg,1
495,Rick_Santorum_0003.jpg,1
2091,Tom_Poston_0001.jpg,4
1279,Mark_Dacey_0001.jpg,2
1799,Jayamadhuri_98.jpg,5
510,Mick_McCarthy_0001.jpg,1
1405,Jim_Calhoun_0001.jpg,2
1432,Michelle_Kwan_0002.jpg,2
2015,Serena_Williams_0022.jpg,3
1620,Jennifer_Aniston_0003.jpg,4
1352,Bill_Frist_0004.jpg,2
2005,Dwarakish_75.jpg,4
243,Tony_Blair_0036.jpg,0
1960,Nate_Blackwell_0001.jpg,6
1128,George_W_Bush_0507.jpg,2
100,Jayamadhuri_51.jpg,0
1871,Lon_Kruger_0002.jpg,3
1862,George_W_Bush_0042.jpg,3
1898,Lleyton_Hewitt_0025.jpg,2
692,Mitoji_Yabunaka_0001.jpg,1
758,JJ_Redick_0001.jpg,1
1244,Jude_Law_0002.jpg,3
598,Marina_Silva_0001.jpg,0
1239,Nancy_Pelosi_0009.jpg,2
1484,Tom_Daschle_0023.jpg,2
1552,FaridaJalal_104.jpg,5
216,Scott_Ritter_0001.jpg,1
1536,Lawrence_Roberts_0001.jpg,3
1411,Tony_Blair_0119.jpg,2
314,Judy_Genshaft_0001.jpg,1
628,Gerhard_Schroeder_0026.jpg,0
75,Colin_Powell_0205.jpg,1
85,Tom_Ridge_0003.jpg,1
1941,Marat_Safin_0001.jpg,3
89,Ozzy_Osbourne_0001.jpg,4
2116,Jayamadhuri_66.jpg,5
1261,Patricia_Russo_0001.jpg,2
1402,Jayamadhuri_83.jpg,4
202,Gloria_Macapagal_Arroyo_0030.jpg,0
1986,Lleyton_Hewitt_0006.jpg,2
1111,Wayne_Ferreira_0004.jpg,2
1341,KatrinaKaif_65.jpg,6
256,Jim_Paxson_0001.jpg,1
1031,Colin_Powell_0160.jpg,0
1147,Mark_Heller_0001.jpg,3
1367,Jennifer_Capriati_0040.jpg,2
1542,Jayamadhuri_73.jpg,4
76,Jacques_Chirac_0042.jpg,1
439,Daryl_Hannah_0001.jpg,0
1939,Jennifer_Capriati_0028.jpg,3
958,Dwarakish_25.jpg,5
1540,Dileep_88.jpg,4
415,Bruce_Arena_0001.jpg,1
1784,Dwarakish_160.jpg,5
995,Linda_Franklin_0001.jpg,0
1252,Chris_Bell_0002.jpg,4
1153,Avinash_11.jpg,4
1361,Dileep_7.jpg,4
1464,Megan_Mullally_0002.jpg,2
950,Robert_Altman_0001.jpg,1
1808,Al_Sharpton_0005.jpg,2
774,Megawati_Sukarnoputri_0024.jpg,1
1806,Jayamadhuri_108.jpg,4
1161,Jayamadhuri_8.jpg,5
177,Dwarakish_198.jpg,5
749,Francis_Mer_0002.jpg,0
1643,Avinash_3.jpg,4
792,Ariel_Sharon_0008.jpg,1
1603,Gala_Leon_Garcia_0001.jpg,3
1811,Goran_Persson_0001.jpg,3
150,Joanna_Poitier_0001.jpg,0
318,Tony_Blair_0047.jpg,2
1969,facial-expressions_2868584k.jpg,5
1342,Antonio_Cassano_0001.jpg,4
2113,Mike_Thibault_0001.jpg,3
1842,Jayamadhuri_17.jpg,5
409,Naji_Sabri_0001.jpg,1
493,Jayamadhuri_29.jpg,5
1311,Dwarakish_185.jpg,5
207,Norman_Mineta_0001.jpg,1
1389,Dwarakish_69.jpg,5
1288,Joe_Lieberman_0009.jpg,4
566,George_Lopez_0001.jpg,2
1538,Dileep_105.jpg,4
443,Keanu_Reeves_0011.jpg,1
1873,Fernando_Gonzalez_0004.jpg,2
885,Kofi_Annan_0029.jpg,1
1450,Jeane_Kirkpatrick_0001.jpg,2
1813,George_Gregan_0001.jpg,2
2087,Dwarakish_9.jpg,6
1506,Yoon_Jeong_Cho_0001.jpg,4
622,George_W_Bush_0443.jpg,1
843,Robert_Redford_0002.jpg,1
2037,Steven_Feldman_0001.jpg,2
931,Li_Peng_0005.jpg,0
319,Charlie_Sheen_0001.jpg,1
1750,FaridaJalal_30.jpg,5
1346,Avinash_6.jpg,4
1968,Marcus_Gronholm_0002.jpg,2
1977,Dwarakish_191.jpg,5
1876,Phil_Mickelson_0001.jpg,2
1104,HrithikRoshan_15.jpg,0
2108,Michael_Olowokandi_0001.jpg,3
379,Ahmad_Jbarah_0001.jpg,1
2043,Winona_Ryder_0012.jpg,2
1110,George_W_Bush_0306.jpg,3
574,Vicente_Fernandez_0005.jpg,0
2064,Arnold_Schwarzenegger_0023.jpg,3
1962,Jayamadhuri_196.jpg,4
740,Ben_Braun_0001.jpg,3
669,Dwarakish_120.jpg,5
229,Donatella_Versace_0001.jpg,0
1979,Kim_Clijsters_0011.jpg,3
1882,Carlos_Ortega_0001.jpg,3
487,Wolfgang_Schuessel_0004.jpg,0
1043,Michael_Hoffa_0001.jpg,2
1439,Dave_Campo_0001.jpg,2
164,David_Carradine_0001.jpg,1
1106,Yuri_Malenchenko_0001.jpg,0
926,FaridaJalal_99.jpg,0
990,Kristy_Curry_0001.jpg,2
1363,Georgia_Giddings_0001.jpg,4
1562,Jayamadhuri_43.jpg,5
1752,HrithikRoshan_149.jpg,2
825,Atal_Bihari_Vajpayee_0009.jpg,0
629,George_W_Bush_0199.jpg,1
719,Kim_Hong-up_0001.jpg,4
384,Michael_Brandon_0001.jpg,1
1006,Silvio_Berlusconi_0026.jpg,0
777,David_Coulthard_0001.jpg,1
544,Nancy_Pelosi_0001.jpg,1
1863,Jiri_Novak_0001.jpg,3
606,John_Bolton_0010.jpg,1
706,Dileep_23.jpg,4
469,Zelma_Novelo_0001.jpg,0
775,Naomi_Hayashi_0001.jpg,0
946,Donald_Rumsfeld_0084.jpg,1
1725,Vicente_Fox_0009.jpg,2
401,Diego_Diego_Lerman_0001.jpg,1
962,Tung_Chee-hwa_0006.jpg,1
1600,Tony_Blair_0087.jpg,2
1329,Nadia_Petrova_0003.jpg,3
1151,Beth_Blough_0001.jpg,4
32,Tino_Martinez_0001.jpg,0
1418,Sidney_Kimmel_0001.jpg,2
865,Daniel_Day-Lewis_0001.jpg,0
1093,Piers_Sellers_0001.jpg,0
940,Kobe_Bryant_0003.jpg,1
867,Michael_Pfleger_0001.jpg,3
198,Antonio_Palocci_0003.jpg,0
91,Eduardo_Duhalde_0005.jpg,1
1305,Atal_Bihari_Vajpayee_0010.jpg,3
1029,Sandra_Milo_0001.jpg,0
1928,Serena_Williams_0010.jpg,3
1058,John_McCain_0007.jpg,0
192,Nicole_Kidman_0014.jpg,0
532,Hushiar_Zebari_0001.jpg,1
1277,Tali_Imani_0001.jpg,3
224,HrithikRoshan_118.jpg,5
6,Vincent_Gallo_0002.jpg,1
756,KatrinaKaif_30.jpg,0
989,Herb_Brooks_0001.jpg,0
1353,Stefan_Holm_0001.jpg,3
221,Laura_Bush_0025.jpg,0
2111,Terry_McAuliffe_0002.jpg,2
215,George_W_Bush_0488.jpg,2
1631,Roh_Moo-hyun_0008.jpg,4
42,Sergey_Lavrov_0001.jpg,1
1679,Jayamadhuri_207.jpg,5
132,Kevin_Crane_0001.jpg,0
947,Nadine_Vinzens_0001.jpg,0
674,Mark_Hurlbert_0004.jpg,3
1859,Mick_Jagger_0005.jpg,3
873,Dan_Ackroyd_0001.jpg,0
1609,Larry_Brown_0007.jpg,3
1485,Erin_Runnion_0002.jpg,4
92,Ilham_Aliev_0001.jpg,1
1087,Mary_Landrieu_0002.jpg,0
402,Celine_Dion_0006.jpg,0
1000,Ralf_Schumacher_0004.jpg,0
1685,Amelie_Mauresmo_0014.jpg,2
1550,Dwarakish_164.jpg,5
552,Rodney_Rempt_0001.jpg,1
1068,Jean_Charest_0016.jpg,0
1615,Paradorn_Srichaphan_0005.jpg,3
1436,Luis_Horna_0002.jpg,2
2122,Venus_Williams_0008.jpg,4
1348,Jen_Bice_0001.jpg,3
938,Queen_Elizabeth_II_0005.jpg,0
245,Gus_Van_Sant_0002.jpg,1
906,Jose_Acasuso_0001.jpg,1
1657,Dwarakish_50.jpg,5
1347,Arnaud_Lagardere_0001.jpg,4
222,Dileep_4.jpg,1
369,Keanu_Reeves_0004.jpg,0
1168,KatrinaKaif_83.jpg,5
533,Cemil_Cicek_0001.jpg,0
2084,George_Lopez_0002.jpg,2
1063,Rosemarie_Stack_0002.jpg,0
486,Albert_Costa_0002.jpg,1
61,HrithikRoshan_157.jpg,0
1052,Paula_Prentiss_0001.jpg,0
772,Peter_Arnett_0003.jpg,1
901,Jessica_Lange_0001.jpg,0
1583,Josh_Evans_0001.jpg,3
1170,Darko_Milicic_0001.jpg,2
2046,Jean_Chretien_0010.jpg,3
211,Martin_Scorsese_0004.jpg,0
166,Vladimir_Spidla_0001.jpg,1
720,George_W_Bush_0115.jpg,1
138,FaridaJalal_36.jpg,1
1257,Martha_Lucia_Ramirez_0004.jpg,2
262,Mariana_Pollack_0002.jpg,1
1247,Thomas_Enqvist_0001.jpg,3
685,Ariel_Sharon_0035.jpg,1
1557,Jayamadhuri_9.jpg,5
786,Maria_Shriver_0003.jpg,0
88,Vladimir_Putin_0028.jpg,1
1866,Dwarakish_48.jpg,5
751,Raoul_Ruiz_0003.jpg,1
1764,George_W_Bush_0148.jpg,3
1120,Jayamadhuri_40.jpg,5
1188,Anastasia_Myskina_0002.jpg,2
1686,KatrinaKaif_72.jpg,5
1376,Dwarakish_162.jpg,5
1662,Rubens_Barrichello_0012.jpg,2
49,Gray_Davis_0023.jpg,1
1618,Jeremy_Greenstock_0022.jpg,3
140,Hu_Jintao_0002.jpg,1
1529,Ellen_DeGeneres_0002.jpg,6
1027,Luiz_Inacio_Lula_da_Silva_0003.jpg,0
2079,Lindsay_Davenport_0006.jpg,3
1164,Keith_Rodriguez_0001.jpg,4
1397,Rick_Carlisle_0001.jpg,5
337,John_Warner_0004.jpg,1
1258,Tyler_Grillo_0001.jpg,2
1691,Jacques_Chirac_0003.jpg,2
1771,Reggie_Miller_0001.jpg,3
1125,Fidel_Castro_0001.jpg,2
1721,George_Robertson_0014.jpg,3
62,Mahmoud_Abbas_0017.jpg,1
1198,Latrell_Sprewell_0001.jpg,3
1766,Dwarakish_199.jpg,4
1056,Andre_Agassi_0024.jpg,0
616,Tiger_Woods_0012.jpg,1
1566,George_W_Bush_0163.jpg,4
23,Jayamadhuri_57.jpg,0
1604,Gerhard_Schroeder_0103.jpg,2
146,Oxana_Fedorova_0003.jpg,0
759,George_W_Bush_0467.jpg,1
1449,Dwarakish_151.jpg,5
1932,Alan_Greenspan_0003.jpg,2
1708,Colin_Powell_0055.jpg,3
1378,Jelena_Dokic_0006.jpg,2
103,Tony_Blair_0120.jpg,1
2048,Avinash_22.jpg,4
476,Rodney_Dangerfield_0001.jpg,0
576,Mariana_Pollack_0001.jpg,0
840,Fernando_Vargas_0002.jpg,0
1614,Derek_Jeter_0002.jpg,5
1085,Juan_Carlos_0001.jpg,0
223,Jason_Gardner_0001.jpg,1
1175,George_W_Bush_0202.jpg,2
803,George_W_Bush_0455.jpg,1
1291,Patricia_Garone_0001.jpg,4
1870,Jayamadhuri_154.jpg,3
534,Masum_Turker_0002.jpg,1
849,Aaron_Tippin_0001.jpg,1
1817,Antonio_Banderas_0004.jpg,2
1089,Lleyton_Hewitt_0040.jpg,4
1384,Dwarakish_98.jpg,5
45,Alvaro_Uribe_0032.jpg,0
666,George_W_Bush_0173.jpg,1
188,Jayamadhuri_86.jpg,0
785,Andy_Hebb_0002.jpg,1
1318,Pat_Summitt_0001.jpg,2
268,George_W_Bush_0206.jpg,0
1702,Gustavo_Kuerten_0001.jpg,4
805,Poala_Suarez_0001.jpg,1
819,Clay_Aiken_0003.jpg,1
359,George_Galloway_0004.jpg,1
904,Carlos_Quintanilla_Schmidt_0001.jpg,1
1521,Dileep_93.jpg,4
344,Lucy_Liu_0005.jpg,0
1692,George_W_Bush_0349.jpg,2
467,Gerhard_Schroeder_0087.jpg,1
1623,Mark_Bellhorn_0001.jpg,2
1874,FaridaJalal_69.jpg,4
2007,Dileep_51.jpg,4
2093,Pete_Gillen_0001.jpg,3
1357,Suzanne_Gaudet_0001.jpg,2
1064,Andre_Agassi_0017.jpg,0
203,Daisy_Fuentes_0003.jpg,0
1727,Manuel_Jesus_0001.jpg,3
1776,George_W_Bush_0317.jpg,2
481,Vladimir_Putin_0031.jpg,1
586,Joschka_Fischer_0015.jpg,1
1033,Anderson_Varejao_0001.jpg,0
1349,Peter_Holmberg_0001.jpg,4
1149,Avinash_29.jpg,6
128,Ariel_Sharon_0074.jpg,0
1964,Dariusz_Michalczewski_0001.jpg,3
868,KatrinaKaif_31.jpg,0
57,Donald_Fehr_0003.jpg,0
1203,Dwarakish_41.jpg,5
976,Alimzhan_Tokhtakhounov_0001.jpg,1
1572,Tom_DeLay_0001.jpg,2
244,William_Macy_0002.jpg,1
2021,Iva_Majoli_0002.jpg,6
1554,Jayamadhuri_68.jpg,5
159,Federico_Fellini_0001.jpg,0
963,Tony_Blair_0113.jpg,1
1850,Jayamadhuri_138.jpg,4
955,Steny_Hoyer_0001.jpg,1
2095,Brad_Garrett_0004.jpg,2
141,Lope_Mendoza_0001.jpg,1
580,Dileep_40.jpg,1
986,Lenny_Wilkens_0002.jpg,2
11,George_W_Bush_0296.jpg,0
59,Albrecht_Mentz_0002.jpg,1
1470,HrithikRoshan_31.jpg,4
1113,Jennifer_Capriati_0009.jpg,3
939,Paul_Burrell_0011.jpg,0
1086,Colin_Cowie_0001.jpg,0
985,Claudia_Schiffer_0002.jpg,0
305,Kenneth_Dam_0001.jpg,1
1015,Mike_Tyson_0002.jpg,0
1097,Spike_Helmick_0001.jpg,0
80,Venus_Williams_0010.jpg,0
1634,Shane_Warne_0001.jpg,3
808,Hamid_Karzai_0013.jpg,1
888,John_Rigas_0002.jpg,1
1150,Jayamadhuri_206.jpg,5
565,Johnny_Tapia_0003.jpg,1
1490,Luiz_Inacio_Lula_da_Silva_0023.jpg,2
1012,Dennis_Kucinich_0004.jpg,3
1610,Tiger_Woods_0023.jpg,4
27,Naji_Sabri_0008.jpg,0
2083,Rick_Pitino_0001.jpg,2
52,Christian_Lacroix_0001.jpg,0
1289,Jayamadhuri_24.jpg,5
709,Avinash_12.jpg,4
438,Brian_Cashman_0001.jpg,0
551,Craig_Burley_0001.jpg,0
680,SharmilaTagore_17.jpg,0
1433,Dick_Vermeil_0002.jpg,3
326,Gordon_Cooper_0001.jpg,1
1681,Dileep_56.jpg,4
660,Paul_Farley_0001.jpg,1
1992,Dwarakish_18.jpg,5
233,Clint_Eastwood_0003.jpg,1
804,Junichiro_Koizumi_0043.jpg,1
1499,Dwarakish_30.jpg,5
633,Franklin_Damann_0001.jpg,1
1688,Lisa_Stone_0001.jpg,2
1682,Colin_Powell_0030.jpg,3
2018,Avinash_7.jpg,4
1547,Nathalie_Gagnon_0001.jpg,2
1103,Matt_Doherty_0003.jpg,2
1186,Tom_Brennan_0001.jpg,3
816,Patricia_Wartusch_0001.jpg,1
1820,George_W_Bush_0266.jpg,3
617,Jean-Pierre_Raffarin_0004.jpg,1
501,David_Nalbandian_0004.jpg,1
1880,Justin_Gatlin_0001.jpg,4
508,LeAnn_Rimes_0002.jpg,0
1146,Jayamadhuri_205.jpg,5
288,George_W_Bush_0448.jpg,1
689,Jack_Straw_0017.jpg,1
30,George_W_Bush_0506.jpg,0
1274,Dwarakish_14.jpg,6
701,Avinash_26.jpg,4
1122,Venus_Williams_0009.jpg,4
130,Johnson_Panjaitan_0002.jpg,1
2030,Roy_Romanow_0001.jpg,2
520,Nathalie_Dechy_0001.jpg,0
94,Todd_Reid_0001.jpg,1
862,Michael_Schumacher_0012.jpg,1
232,Silvio_Berlusconi_0029.jpg,1
615,Isabella_Rossellini_0002.jpg,0
236,Rene_Antonio_Leon_Rodriguez_0001.jpg,1
1728,Conchita_Martinez_0002.jpg,2
1507,Jayamadhuri_173.jpg,4
355,Erin_Hershey_Presley_0001.jpg,0
358,Roy_Williams_0003.jpg,0
1236,facial-expressions_2868588k.jpg,3
1582,Dwarakish_42.jpg,5
1887,Jennifer_Capriati_0036.jpg,3
1612,HrithikRoshan_35.jpg,4
708,Jean_Charest_0004.jpg,1
395,Jacqueline_Obradors_0001.jpg,0
133,Joan_Laporta_0009.jpg,1
509,Filippo_Inzaghi_0003.jpg,1
1474,John_Ashcroft_0028.jpg,2
682,Nigel_Redden_0001.jpg,1
815,Sarah_Jessica_Parker_0005.jpg,0
35,Jeremy_Greenstock_0015.jpg,2
112,Scott_Rudin_0001.jpg,0
321,George_W_Bush_0337.jpg,1
297,Rita_Moreno_0001.jpg,0
681,Luciano_Pavarotti_0001.jpg,0
623,Colin_Powell_0057.jpg,1
1664,Laura_Bush_0028.jpg,2
1807,Dwarakish_40.jpg,5
910,Tom_Glavine_0002.jpg,0
1090,Natalie_Stewart_0001.jpg,0
12,HrithikRoshan_1.jpg,0
1399,David_Kelley_0001.jpg,2
342,Walter_Mondale_0007.jpg,0
372,George_W_Bush_0499.jpg,1
187,Jennifer_Capriati_0014.jpg,1
650,Steve_Lavin_0001.jpg,0
848,Ciro_Gomes_0003.jpg,0
2000,Dwarakish_170.jpg,5
800,John_White_0001.jpg,1
1284,Jennifer_Capriati_0022.jpg,2
1698,Jayamadhuri_10.jpg,5
518,Larry_Lucchino_0002.jpg,0
1632,Svetlana_Belousova_0001.jpg,4
1308,Rollie_Massimino_0001.jpg,4
1696,Gene_Keady_0001.jpg,3
1296,Riek_Blanjaar_0001.jpg,4
917,Tamika_Catchings_0001.jpg,0
425,John_Rowland_0002.jpg,0
1242,Alicia_Hollowell_0001.jpg,3
1585,Kevin_Stallings_0002.jpg,2
522,Michael_Schumacher_0013.jpg,0
1828,Gregg_Popovich_0004.jpg,2
821,George_W_Bush_0122.jpg,1
593,Eric_Ryan_Donnelly_0001.jpg,2
787,AnFernce_Negron_0001.jpg,0
77,Dean_Barker_0001.jpg,1
1564,Jayamadhuri_175.jpg,4
456,Jesse_Jackson_0005.jpg,0
375,George_W_Bush_0151.jpg,0
899,Nancy_Sinatra_0002.jpg,0
1586,John_Gruden_0001.jpg,3
127,Ricardo_Lagos_0017.jpg,1
1575,Anna_Jones_0001.jpg,4
1724,Queen_Rania_0003.jpg,2
1235,Spencer_Abraham_0017.jpg,2
764,Serge_Klarsfeld_0001.jpg,1
1142,Dario_Franchitti_0001.jpg,2
953,Charlton_Heston_0003.jpg,1
1320,Placido_Domingo_0003.jpg,4
1276,Hugo_Chavez_0057.jpg,2
878,Natalie_Coughlin_0003.jpg,5
1658,Dwarakish_6.jpg,5
51,Vladimir_Putin_0014.jpg,0
1267,Bruce_Van_De_Velde_0002.jpg,4
994,Jayamadhuri_164.jpg,4
1370,Gary_Williams_0001.jpg,2
797,John_Bolton_0013.jpg,0
653,KatrinaKaif_57.jpg,0
925,Jennifer_Capriati_0031.jpg,1
1255,Jayamadhuri_180.jpg,5
240,Lleyton_Hewitt_0004.jpg,1
1099,George_W_Bush_0119.jpg,0
124,Suzie_McConnell_Serio_0001.jpg,0
1266,Vladimir_Putin_0043.jpg,4
1545,HrithikRoshan_112.jpg,5
394,HrithikRoshan_51.jpg,1
853,Laura_Bush_0035.jpg,0
208,Hans_Blix_0009.jpg,0
1818,Dwarakish_184.jpg,5
1079,Megawati_Sukarnoputri_0001.jpg,0
1830,Dwarakish_105.jpg,5
594,Dileep_36.jpg,2
964,Recep_Tayyip_Erdogan_0016.jpg,1
174,Jayamadhuri_77.jpg,0
1181,Nicolas_Lapentti_0002.jpg,2
1001,Isaiah_Washington_0001.jpg,0
927,Francisco_Flores_0004.jpg,0
1650,Dwarakish_173.jpg,5
377,Bruno_Junquiera_0001.jpg,0
475,George_W_Bush_0360.jpg,1
114,Hamid_Karzai_0020.jpg,0
591,Colin_Powell_0012.jpg,1
277,Brad_Gushue_0001.jpg,0
1770,Aram_Adler_0001.jpg,2
1511,Jayamadhuri_11.jpg,5
1761,Laura_Flessel_0001.jpg,4
291,Alexandre_Daigle_0001.jpg,0
966,Katie_Smith_0001.jpg,1
1270,Dwarakish_101.jpg,4
1995,Dwarakish_11.jpg,4
1119,Celine_Dion_0003.jpg,4
651,Kenneth_Branagh_0001.jpg,0
356,Ricardo_Lagos_0007.jpg,0
1656,Jayamadhuri_118.jpg,5
1059,George_W_Bush_0440.jpg,0
1055,Nan_Wang_0002.jpg,0
1885,Avinash_16.jpg,4
984,Carlos_Menem_0007.jpg,0
683,John_Paul_II_0007.jpg,1
1798,HrithikRoshan_110.jpg,5
404,Anastasia_Myskina_0003.jpg,3
1878,Jaouad_Gharib_0001.jpg,2
2009,Mark_Philippoussis_0005.jpg,3
123,David_Nalbandian_0013.jpg,1
1527,HrithikRoshan_117.jpg,5
1422,Diana_Ross_0001.jpg,2
1501,Sergio_Vieira_De_Mello_0001.jpg,4
56,John_McCallum_0001.jpg,1
464,Binyamin_Ben-Eliezer_0003.jpg,1
1232,George_W_Bush_0131.jpg,2
134,Andrew_Sabey_0001.jpg,1
1048,Linda_Mason_0001.jpg,0
1513,Dwarakish_106.jpg,3
1700,Dwarakish_79.jpg,4
87,Roger_Federer_0007.jpg,0
139,Emma_Watson_0002.jpg,0
1759,Lindsay_Davenport_0009.jpg,3
1375,Jayamadhuri_198.jpg,4
1611,Jayamadhuri_87.jpg,4
1208,Dileep_76.jpg,3
1701,Satnarine_Sharma_0001.jpg,4
447,Steve_Karsay_0001.jpg,0
1785,Serena_Williams_0006.jpg,3
437,Jorge_Batlle_0001.jpg,1
374,Sofyan_Dawood_0001.jpg,1
226,Basdeo_Panday_0001.jpg,1
1350,Gerry_Parsky_0001.jpg,6
747,Ashley_Judd_0001.jpg,0
131,Hu_Jintao_0011.jpg,1
1334,Lindsay_Davenport_0005.jpg,3
1157,Jayamadhuri_18.jpg,5
71,Naomi_Watts_0016.jpg,0
903,Mohammad_Mustapha_Miro_0001.jpg,1
794,HrithikRoshan_177.jpg,4
1263,Dwarakish_71.jpg,5
1780,Amy_Gale_0001.jpg,4
587,Ariel_Sharon_0053.jpg,0
1703,George_W_Bush_0160.jpg,2
1331,Fernando_Gonzalez_0006.jpg,2
1683,George_W_Bush_0343.jpg,2
1163,Malak_Habbak_0001.jpg,2
1136,Al_Gore_0002.jpg,3
1300,Bob_Riley_0001.jpg,2
283,Jerry_Seinfeld_0001.jpg,1
1444,Natalia_Motuziuk_0001.jpg,4
64,Tim_Conway_0001.jpg,0
227,Larry_Hagman_0001.jpg,0
1676,Dwarakish_159.jpg,3
254,Tommy_Shane_Steiner_0001.jpg,0
675,Dileep_71.jpg,3
1869,Jens_Lehmann_0001.jpg,2
1792,Dwarakish_145.jpg,5
661,HrithikRoshan_195.jpg,1
936,Ken_Watanabe_0002.jpg,0
1665,Javier_Vazquez_0001.jpg,2
1640,Aung_San_Suu_Kyi_0002.jpg,4
1386,Steve_Ballmer_0003.jpg,2
1294,Mukesh_Ambani_0002.jpg,2
1076,FaridaJalal_110.jpg,0
525,Federico_Trillo_0002.jpg,1
1293,Dwarakish_16.jpg,5
528,Clare_Latimer_0001.jpg,1
2102,Paul_Bremer_0020.jpg,4
391,George_W_Bush_0307.jpg,0
276,Mitt_Romney_0001.jpg,1
1496,Taufik_Hidayat_0001.jpg,2
1245,Jennifer_Capriati_0007.jpg,3
13,Ian_Thorpe_0005.jpg,0
968,Tony_Blair_0071.jpg,0
1723,HrithikRoshan_173.jpg,4
739,Tony_Blair_0060.jpg,0
63,Roberto_Laratro_0001.jpg,2
549,Kieran_Prendergast_0002.jpg,1
752,Brian_Heidik_0002.jpg,0
341,John_Eder_0001.jpg,0
502,Chris_Moore_0001.jpg,0
2033,Alvaro_Noboa_0002.jpg,3
1549,facial-expressions_2868585k.jpg,2
1930,Jayamadhuri_179.jpg,4
1895,Elijan_Ingram_0001.jpg,3
1967,John_Kerry_0015.jpg,2
1602,Serena_Williams_0001.jpg,3
782,Hamid_Karzai_0001.jpg,0
1668,Angelina_Jolie_0005.jpg,3
1881,Dileep_109.jpg,4
1748,Bo_Ryan_0001.jpg,2
470,George_Tenet_0001.jpg,1
1020,Jeff_Van_Gundy_0001.jpg,2
1077,Alejandro_Toledo_0004.jpg,3
1625,David_Nalbandian_0006.jpg,5
1082,Chang_Tso_0001.jpg,0
1845,George_W_Bush_0003.jpg,2
261,Jeb_Bush_0001.jpg,1
850,Gerhard_Schroeder_0094.jpg,0
1202,Nicolas_Cage_0004.jpg,4
560,Rupert_Murdoch_0002.jpg,1
90,Oleksandr_Moroz_0001.jpg,1
572,Justin_Gatlin_0002.jpg,0
1360,Tom_Crean_0003.jpg,2
1957,Ludivine_Sagnier_0001.jpg,2
1417,Chris_Hernandez_0001.jpg,2
1767,Guennadi_Chipouline_0001.jpg,3
988,Roman_Polanski_0006.jpg,0
1046,Jayamadhuri_22.jpg,0
731,Dwarakish_176.jpg,5
1520,Roberto_Benigni_0002.jpg,2
457,Hussam_Mohammed_Amin_0001.jpg,1
921,Gustavo_Kuerten_0003.jpg,0
807,Liam_Neeson_0001.jpg,1
949,John_Travolta_0006.jpg,0
540,Jim_Ryan_0001.jpg,1
1306,Dileep_47.jpg,2
121,Larry_Bowa_0002.jpg,0
1860,Jayamadhuri_16.jpg,4
1589,George_W_Bush_0121.jpg,2
29,Sonja_Kesselschlager_0001.jpg,3
1253,Lleyton_Hewitt_0011.jpg,2
158,Rupert_Grint_0002.jpg,1
1772,Hubie_Brown_0001.jpg,2
1568,Charlotte_Chambers_0001.jpg,4
219,Georgi_Parvanov_0002.jpg,1
1987,Jose_Woldenberg_0001.jpg,2
322,Alejandro_Toledo_0028.jpg,1
1022,Cruz_Bustamante_0001.jpg,0
635,Tony_Stewart_0006.jpg,0
199,Fiona_Milne_0001.jpg,0
348,Madonna_0001.jpg,0
705,Robert_Kocharian_0001.jpg,0
664,Itzhak_Perlman_0001.jpg,1
707,Paul_Bremer_0007.jpg,1
1505,Donna_Shalala_0002.jpg,2
370,Francis_Ford_Coppola_0002.jpg,0
1007,KatrinaKaif_54.jpg,0
2019,Thomas_OBrien_0008.jpg,4
1394,Roy_Moore_0003.jpg,2
1070,Doris_Roberts_0002.jpg,0
1265,James_Kopp_0001.jpg,4
2110,Donald_Rumsfeld_0027.jpg,3
1094,FaridaJalal_65.jpg,0
266,Gary_Coleman_0001.jpg,1
589,Winona_Ryder_0014.jpg,1
1925,Marcelo_Rios_0003.jpg,4
2022,George_W_Bush_0062.jpg,2
2003,Dwarakish_63.jpg,5
2106,Pat_Riley_0001.jpg,3
1775,Paul_McNulty_0001.jpg,2
1699,Jean-Pierre_Raffarin_0003.jpg,3
965,Donald_Rumsfeld_0081.jpg,1
1200,Dileep_96.jpg,4
1903,Dileep_48.jpg,2
295,Abdel_Nasser_Assidi_0002.jpg,1
448,Vaclav_Havel_0004.jpg,0
1460,Dwarakish_10.jpg,4
1189,Dwarakish_166.jpg,3
324,Tony_Blair_0010.jpg,1
2076,Jennifer_Capriati_0018.jpg,3
1131,Lon_Kruger_0001.jpg,3
605,David_Tornberg_0001.jpg,1
264,John_Howard_0005.jpg,0
1380,Mitchell_Potter_0001.jpg,2
338,George_HW_Bush_0010.jpg,0
846,Tony_Blair_0029.jpg,1
590,Antonio_Catania_0001.jpg,1
1290,Lleyton_Hewitt_0009.jpg,2
893,John_Allen_Muhammad_0002.jpg,1
1886,George_W_Bush_0169.jpg,2
2090,Felix_Mantilla_0001.jpg,3
1317,Jayamadhuri_36.jpg,5
2058,SharmilaTagore_44.jpg,3
860,Laura_Pausini_0001.jpg,0
2073,Sourav_Ganguly_0002.jpg,5
1272,Rick_Stansbury_0001.jpg,3
1081,Donald_Rumsfeld_0092.jpg,0
1226,Jayamadhuri_163.jpg,4
889,Robert_Mueller_0003.jpg,0
17,Stephen_Ambrose_0001.jpg,1
1133,Jayamadhuri_152.jpg,5
1434,Andre_Agassi_0034.jpg,4
1509,Jayamadhuri_107.jpg,3
170,SharmilaTagore_79.jpg,0
811,Roger_Staubach_0001.jpg,1
99,Jean_Chretien_0053.jpg,1
241,Marquier_Montano_Contreras_0001.jpg,1
728,Pete_Carroll_0002.jpg,2
1419,Serena_Williams_0041.jpg,3
1324,Jennifer_Capriati_0012.jpg,3
886,Tiago_Splitter_0001.jpg,1
1849,Tommy_Robredo_0002.jpg,3
652,Tony_Blair_0023.jpg,0
1430,Herman_Edwards_0001.jpg,2
529,Martin_Cauchon_0002.jpg,1
662,Harold_Scott_0001.jpg,1
1322,Monica_Seles_0003.jpg,3
922,Lance_Bass_0003.jpg,0
967,Gerhard_Schroeder_0097.jpg,1
918,Al_Gore_0008.jpg,1
1553,Martina_Hingis_0003.jpg,2
1958,Nancy_Pelosi_0013.jpg,2
1047,Jennifer_Aniston_0001.jpg,6
1648,Aron_Ralston_0001.jpg,2
1877,KatrinaKaif_91.jpg,4
1230,Princess_Maxima_0001.jpg,3
960,George_W_Bush_0441.jpg,1
28,Rowan_Williams_0001.jpg,1
602,Eileen_Coparropa_0001.jpg,0
1605,Jeremy_Greenstock_0014.jpg,2
1446,Dwarakish_35.jpg,5
828,Mamdouh_Habib_0001.jpg,1
1803,Avinash_8.jpg,4
4,Luther_Htu_0001.jpg,1
303,Hamid_Karzai_0017.jpg,1
327,Megawati_Sukarnoputri_0010.jpg,0
169,Vladimir_Putin_0017.jpg,1
1678,Charles_Moose_0006.jpg,3
406,Robert_Horan_0001.jpg,1
887,Carlos_Vives_0001.jpg,0
979,Shimon_Peres_0001.jpg,1
1868,George_W_Bush_0359.jpg,2
1437,Monica_Seles_0006.jpg,5
1026,Wayne_Gretzky_0004.jpg,0
55,George_Pataki_0004.jpg,4
1098,Melana_Scantlin_0001.jpg,0
974,Barbara_Esbin_0001.jpg,1
1838,Megawati_Sukarnoputri_0006.jpg,2
1383,FaridaJalal_3.jpg,5
465,Gerhard_Schroeder_0007.jpg,0
1644,Avinash_17.jpg,4
1523,Gerhard_Schroeder_0008.jpg,4
53,Colin_Powell_0162.jpg,0
1919,KatrinaKaif_1.jpg,5
2097,Colin_Powell_0181.jpg,3
1897,HrithikRoshan_46.jpg,4
1853,George_W_Bush_0056.jpg,2
1563,Monica_Seles_0001.jpg,2
1003,Jayamadhuri_30.jpg,0
1951,Iva_Majoli_0001.jpg,4
1002,Antonio_Banderas_0002.jpg,0
2023,George_W_Bush_0466.jpg,2
1504,Abdullah_Nasseef_0001.jpg,2
408,Anne_Krueger_0001.jpg,1
1531,Jayamadhuri_14.jpg,4
392,Matt_Damon_0002.jpg,0
1212,Avinash_25.jpg,4
1637,Geraldine_Chaplin_0004.jpg,2
1890,Javier_Weber_0002.jpg,3
2047,Ian_Thorpe_0009.jpg,2
2016,Gerhard_Schroeder_0003.jpg,4
1452,Dileep_13.jpg,4
779,Valery_Giscard_dEstaing_0001.jpg,1
791,Dileep_25.jpg,1
1635,Colin_Powell_0043.jpg,3
1173,Colleen_Jones_0001.jpg,3
746,Josh_Childress_0001.jpg,1
1010,Larry_Lindsey_0002.jpg,3
1095,Tony_Stewart_0004.jpg,0
1301,Avinash_13.jpg,4
729,Scott_Peterson_0005.jpg,1
847,Fabrice_Santoro_0001.jpg,1
1670,Dwarakish_134.jpg,4
259,Matt_Doherty_0001.jpg,1
1005,Emma_Thompson_0002.jpg,0
817,HrithikRoshan_101.jpg,1
1412,Wayne_Ferreira_0003.jpg,2
396,Tony_Blair_0089.jpg,1
1782,Jennifer_Capriati_0038.jpg,3
872,Tang_Jiaxuan_0007.jpg,0
36,Rainer_Gut_0001.jpg,1
1302,Jan_Ullrich_0002.jpg,3
1206,Hugo_Chavez_0009.jpg,4
1332,Dwarakish_197.jpg,4
247,Gunter_Pleuger_0002.jpg,1
1535,Hitomi_Soga_0001.jpg,4
567,George_W_Bush_0444.jpg,1
1973,Robert_Ehrlich_0002.jpg,2
1462,Anastasia_Myskina_0001.jpg,3
545,Saoud_Al_Faisal_0001.jpg,0
1368,Jayamadhuri_155.jpg,4
452,Marcelo_Salas_0003.jpg,1
1594,David_Trimble_0005.jpg,2
1561,Marquis_Estill_0001.jpg,2
1060,Lucio_Gutierrez_0007.jpg,0
1158,KatrinaKaif_82.jpg,5
1327,Jennifer_Capriati_0013.jpg,3
151,George_W_Bush_0374.jpg,1
1221,HrithikRoshan_125.jpg,5
1948,Mirela_Manjani_0001.jpg,6
110,Cliff_Ellis_0001.jpg,0
624,Oscar_De_La_Hoya_0002.jpg,0
1908,SharmilaTagore_42.jpg,3
941,Hootie_Johnson_0002.jpg,1
839,Cherie_Blair_0004.jpg,0
1237,Avinash_14.jpg,4
416,Serena_Williams_0049.jpg,1
1273,Dwarakish_24.jpg,5
627,Thomas_Fargo_0001.jpg,1
1512,Chris_Byrd_0001.jpg,2
1839,Dwarakish_152.jpg,5
726,Wolfgang_Schuessel_0001.jpg,0
1804,Robert_Bullock_0002.jpg,3
742,Reese_Witherspoon_0003.jpg,0
304,Cheryl_Ford_0001.jpg,0
712,KatrinaKaif_26.jpg,0
354,Cate_Blanchett_0001.jpg,0
1543,Tommy_Franks_0006.jpg,3
557,Rudolph_Giuliani_0003.jpg,1
101,Curtis_Rodriguez_0001.jpg,1
301,Mahmoud_Abbas_0018.jpg,1
2065,Steffi_Graf_0001.jpg,2
161,Fidel_Castro_Daiz-Balart_0001.jpg,0
1148,Jayamadhuri_178.jpg,4
1651,Andrew_Shutley_0001.jpg,4
866,John_Bolton_0014.jpg,1
242,Leo_Mullin_0001.jpg,1
517,Roy_Williams_0001.jpg,1
2070,Avinash_2.jpg,5
571,Rick_Bragg_0001.jpg,1
387,Hans_Blix_0017.jpg,0
293,HrithikRoshan_8.jpg,0
1769,John_Kerry_0002.jpg,2
1476,Rose_Marie_0001.jpg,3
1546,James_Blake_0014.jpg,2
1628,Dwarakish_175.jpg,5
1323,Rudolph_Giuliani_0004.jpg,2
332,Larry_Hahn_0001.jpg,1
1889,George_Blaney_0001.jpg,3
1205,Martha_Martinez_Flores_0001.jpg,4
999,Garry_Trudeau_0001.jpg,0
2052,Jennifer_Capriati_0039.jpg,3
442,Carolina_Kluft_0001.jpg,0
721,Bill_Simon_0002.jpg,1
1980,Dwarakish_104.jpg,5
1659,Jayamadhuri_117.jpg,5
546,Roger_Corbett_0001.jpg,1
996,Anders_Fogh_Rasmussen_0002.jpg,0
1207,Dwarakish_109.jpg,5
1812,Jonathan_Edwards_0007.jpg,3
1118,Jayamadhuri_151.jpg,5
841,Britney_Spears_0013.jpg,0
2060,Bob_Huggins_0004.jpg,3
238,Juan_Antonio_Samaranch_0001.jpg,0
186,Margaret_Hasley_0001.jpg,1
2049,Pascal_Rheaume_0001.jpg,3
1297,JJ_Redick_0002.jpg,3
95,Talisa_Bratt_0001.jpg,1
832,Colin_Powell_0201.jpg,1
998,Ralph_Lauren_0002.jpg,0
1116,Jennifer_Capriati_0034.jpg,3
724,Guillermo_Ruiz_Polanco_0001.jpg,1
1195,HrithikRoshan_174.jpg,4
2119,Jayamadhuri_27.jpg,5
1304,Dwarakish_90.jpg,5
477,Dawna_LoPiccolo_0001.jpg,0
625,Michael_Schumacher_0018.jpg,1
1532,HrithikRoshan_113.jpg,5
251,Conchita_Martinez_0001.jpg,1
978,Sebastian_Saja_0001.jpg,0
1326,Tommy_Robredo_0003.jpg,3
697,Glenn_Rivers_0001.jpg,3
725,George_W_Bush_0442.jpg,1
621,Thomas_Kelly_0001.jpg,1
1734,Julio_Rossi_0001.jpg,3
1299,George_W_Bush_0514.jpg,2
2121,Shanna_Zolman_0001.jpg,2
2004,Saeb_Erekat_0002.jpg,3
1130,Yevgeny_Kafelnikov_0003.jpg,3
1931,Serena_Williams_0023.jpg,3
1174,Natalie_Williams_0001.jpg,2
193,Nelson_Mandela_0001.jpg,0
659,George_W_Bush_0311.jpg,1
500,Melissa_Stark_0001.jpg,1
2044,Yevgeny_Kafelnikov_0002.jpg,2
329,Betsy_Coffin_0001.jpg,4
428,Tony_Blair_0077.jpg,1
1858,Mahathir_Mohamad_0006.jpg,2
1398,Avinash_21.jpg,4
271,Silvio_Berlusconi_0012.jpg,1
1901,Dwarakish_114.jpg,4
1497,Dwarakish_7.jpg,5
2027,FaridaJalal_31.jpg,3
1738,Filippo_Inzaghi_0002.jpg,3
453,Maribel_Dominguez_0001.jpg,3
737,Tony_Blair_0058.jpg,1
466,Delphine_Chuillot_0001.jpg,0
755,Romano_Prodi_0005.jpg,1
603,Hisham_Halawi_0001.jpg,1
1837,Halle_Berry_0002.jpg,3
723,Roh_Moo-hyun_0003.jpg,0
1999,Tom_Ridge_0026.jpg,2
1191,George_W_Bush_0070.jpg,2
155,Gary_Bauer_0001.jpg,1
1533,Alexander_Lukashenko_0001.jpg,3
864,Jamie_Olis_0001.jpg,1
1442,Tom_Ridge_0001.jpg,3
330,Spencer_Abraham_0006.jpg,1
1720,John_Negroponte_0026.jpg,2
1008,Julianne_Moore_0017.jpg,0
1345,Jayamadhuri_80.jpg,5
2101,Jayamadhuri_187.jpg,5
812,Jennifer_Pena_0001.jpg,4
197,Pierce_Brosnan_0014.jpg,0
793,Manfred_Stolpe_0001.jpg,1
323,KatrinaKaif_79.jpg,5
1045,Elisabeth_Schumacher_0001.jpg,0
1491,Christine_Todd_Whitman_0003.jpg,2
1472,Jim_Carrey_0002.jpg,2
1914,Jayamadhuri_124.jpg,4
484,Valentino_Rossi_0003.jpg,0
773,Mike_Weir_0010.jpg,0
1314,Amelie_Mauresmo_0005.jpg,2
1441,Serena_Williams_0039.jpg,3
2114,Andreas_Vinciguerra_0001.jpg,2
231,FaridaJalal_109.jpg,5
559,Meg_Wakeman_0001.jpg,0
519,Paul_Wellstone_0003.jpg,1
527,Cameron_Diaz_0005.jpg,0
2041,Tommy_Haas_0005.jpg,2
1672,Jennifer_Capriati_0033.jpg,3
189,Dwarakish_203.jpg,5
806,Norman_Mailer_0001.jpg,1
1044,Jayamadhuri_150.jpg,5
977,Tom_Brady_0001.jpg,0
213,Britney_Spears_0012.jpg,0
2024,Jayamadhuri_171.jpg,4
306,Eduardo_Duhalde_0006.jpg,0
1262,Jayamadhuri_157.jpg,3
273,Hugo_Chavez_0018.jpg,4
702,Geoff_Hoon_0007.jpg,1
663,Colin_Powell_0101.jpg,0
1234,Dwarakish_32.jpg,5
426,Charles_Taylor_0007.jpg,1
1814,Dwarakish_102.jpg,4
1037,Thomas_Ferguson_0001.jpg,0
1800,Jackie_Chan_0006.jpg,6
180,Annie-Jeanne_Reynaud_0001.jpg,0
1426,FaridaJalal_102.jpg,5
2100,Dwarakish_2.jpg,4
1100,Hashim_Thaci_0002.jpg,0
1053,Brooke_Gordon_0001.jpg,0
1392,Jack_Straw_0027.jpg,2
596,Pervez_Musharraf_0016.jpg,0
512,Choi_Yun-yong_0001.jpg,0
581,Gustavo_Kuerten_0002.jpg,4
1596,Kim_Clijsters_0008.jpg,3
1482,Kwon_Young-gil_0001.jpg,4
871,Michael_Schumacher_0009.jpg,0
2038,Jean_Chretien_0048.jpg,2
1144,Dwarakish_61.jpg,5
609,Parthiv_Patel_0001.jpg,1
1435,Paula_Radcliffe_0004.jpg,5
389,John_Ashcroft_0040.jpg,1
1366,Dwarakish_123.jpg,5
1822,Jack_Goodman_0001.jpg,2
269,Jayne_Yarris_0001.jpg,1
637,Martin_Scorsese_0006.jpg,0
2071,Bill_Graham_0003.jpg,2
1697,Daniela_Hantuchova_0001.jpg,4
969,Edward_Egan_0001.jpg,1
923,Mohammad_Hasanein_0001.jpg,1
1599,Fernando_Gonzalez_0005.jpg,2
834,Saddam_Hussein_0004.jpg,1
564,Colin_Powell_0088.jpg,1
357,Hikmat_al-Azzawi_0001.jpg,1
482,Jean_Charest_0008.jpg,0
1864,Mark_Cuban_0002.jpg,2
2117,Dan_LaCoutre_0001.jpg,5
1337,Avinash_20.jpg,4
1677,Dwarakish_43.jpg,5
104,Mikhail_Youzhny_0002.jpg,1
1647,George_W_Bush_0191.jpg,4
281,Carson_Palmer_0002.jpg,0
1359,Dileep_79.jpg,4
2032,Jennifer_Capriati_0029.jpg,3
1923,Christine_Gregoire_0004.jpg,2
1259,Sergio_Vieira_De_Mello_0002.jpg,2
388,Abdullah_Gul_0007.jpg,1
414,Jerome_Jenkins_0001.jpg,1
1970,Dileep_107.jpg,4
1544,Tom_Izzo_0001.jpg,2
26,Charles_Schumer_0001.jpg,1
398,Ignatius_Wang_0001.jpg,0
441,Dwarakish_150.jpg,5
459,Colin_Powell_0161.jpg,1
1298,Kim_Clijsters_0001.jpg,3
3,Oscar_De_La_Hoya_0007.jpg,0
642,Gloria_Macapagal_Arroyo_0027.jpg,0
1340,Richard_Penniman_0001.jpg,2
640,Chante_Jawan_Mallard_0001.jpg,4
1196,Carlos_Moya_0002.jpg,4
1645,Robert_Ehrlich_0001.jpg,2
2013,George_W_Bush_0132.jpg,4
972,Clay_Aiken_0005.jpg,1
1517,Dwarakish_188.jpg,5
550,Tim_Robbins_0003.jpg,1
1480,Herb_Sendek_0003.jpg,4
1722,Dwarakish_86.jpg,4
25,Tony_Blair_0106.jpg,1
168,John_Stockton_0004.jpg,1
179,Ari_Fleischer_0002.jpg,1
1777,Steve_Redgrave_0001.jpg,2
784,Jorge_Valdano_0001.jpg,2
1280,Boris_Becker_0002.jpg,4
610,Frank_Cassell_0002.jpg,1
2072,Patty_Schnyder_0003.jpg,4
478,Kristen_Breitweiser_0001.jpg,1
769,Avinash_23.jpg,4
632,Dale_Bosworth_0001.jpg,1
980,Lili_Taylor_0001.jpg,0
1865,Javier_Zanetti_0001.jpg,4
694,Antonio_Trillanes_0003.jpg,1
748,Colin_Powell_0231.jpg,0
1710,Jorge_Valdano_0002.jpg,2
2074,Dwarakish_49.jpg,5
1109,Ray_Bradbury_0001.jpg,0
1141,Oprah_Winfrey_0001.jpg,2
943,Alexandre_Vinokourov_0001.jpg,1
347,FaridaJalal_67.jpg,1
934,Megawati_Sukarnoputri_0009.jpg,1
1560,FaridaJalal_5.jpg,5
2109,Matt_Braker_0001.jpg,2
1574,Rick_Pitino_0004.jpg,2
1162,Jayamadhuri_168.jpg,4
21,Bob_Hope_0004.jpg,0
1107,Tim_Curry_0002.jpg,0
360,Jacqueline_Marris_0001.jpg,1
833,Lleyton_Hewitt_0031.jpg,0
1468,Lindsay_Davenport_0001.jpg,3
1646,Sandy_Smith_0001.jpg,4
102,Valery_Giscard_dEstaing_0005.jpg,1
2059,Beyonce_Knowles_0001.jpg,2
1819,George_W_Bush_0172.jpg,2
1735,Slobodan_Milosevic_0004.jpg,4
2012,Robert_Blake_0008.jpg,2
1096,Guillermo_Coria_0029.jpg,0
1894,Christoph_Daum_0001.jpg,2
1816,HrithikRoshan_111.jpg,5
1975,Jiri_Novak_0004.jpg,2
1984,Vicente_Fox_0030.jpg,2
1749,Gloria_Allred_0002.jpg,2
2099,Stephen_Keener_0001.jpg,2
1934,Jayamadhuri_136.jpg,5
656,Chuck_Amato_0001.jpg,1
1590,Tim_Henman_0005.jpg,5
1729,Dwarakish_94.jpg,5
2017,George_W_Bush_0224.jpg,2
212,Clive_Woodward_0001.jpg,0
311,Nick_Nolte_0003.jpg,1
1333,Adam_Mair_0001.jpg,2
1680,HrithikRoshan_57.jpg,4
1171,HrithikRoshan_212.jpg,4
1013,Sergio_Vieira_De_Mello_0004.jpg,0
556,Vivica_Fox_0001.jpg,0
1135,Avinash_30.jpg,2
480,Norah_Jones_0003.jpg,0
1179,John_Cusack_0001.jpg,2
1852,Raoul_Ruiz_0002.jpg,2
1377,Mike_Babcock_0002.jpg,3
861,Bill_Parsons_0001.jpg,1
1910,HrithikRoshan_179.jpg,4
1114,Armando_Carrillo_0001.jpg,4
814,Harrison_Ford_0006.jpg,1
153,Clara_Harris_0001.jpg,4
2028,Jayamadhuri_95.jpg,4
1243,Colin_Powell_0224.jpg,4
700,Dwarakish_3.jpg,5
257,Amelie_Mauresmo_0010.jpg,0
837,Richard_Myers_0009.jpg,1
410,William_Ragland_0001.jpg,1
505,Lisa_Ling_0001.jpg,0
44,Ian_Huntley_0001.jpg,1
1515,Maxim_Afinogenov_0001.jpg,2
1459,Mike_Weir_0003.jpg,2
684,George_W_Bush_0130.jpg,0
1534,James_Blake_0013.jpg,3
143,Sepp_Blatter_0003.jpg,1
1956,Dwarakish_103.jpg,5
1457,Ray_Lewis_0001.jpg,3
942,Bill_Callahan_0003.jpg,1
1809,Shoshannah_Stern_0001.jpg,2
851,Hans_Blix_0025.jpg,0
1673,Mary_Carey_0004.jpg,5
1192,George_W_Bush_0226.jpg,3
54,Sadie_Frost_0001.jpg,1
569,Jacques_Kallis_0001.jpg,1
432,Demi_Moore_0004.jpg,2
278,Trudi_Lacey_0001.jpg,0
2069,Richard_Gephardt_0010.jpg,2
255,Robert_Duvall_0001.jpg,1
1917,Jayamadhuri_69.jpg,5
1705,Michael_Moore_0001.jpg,2
1295,Laura_Bush_0037.jpg,2
874,Ashanti_0004.jpg,0
513,Helen_Clark_0002.jpg,0
296,Steve_Coogan_0001.jpg,1
1993,Mark_McClellan_0001.jpg,2
1584,Ricky_Cottrill_0001.jpg,2
1483,Jayamadhuri_197.jpg,5
1726,Bill_Simon_0012.jpg,2
884,Lleyton_Hewitt_0013.jpg,6
1456,Patty_Schnyder_0001.jpg,4
543,Carolyn_Dawn_Johnson_0003.jpg,0
43,Dileep_91.jpg,3
897,Naomi_Watts_0008.jpg,0
1796,Gerhard_Schroeder_0085.jpg,3
1753,Britney_Spears_0011.jpg,4
1385,Dwarakish_182.jpg,4
1448,Jelena_Dokic_0001.jpg,3
386,Chuck_Woolery_0001.jpg,0
24,Gunter_Pleuger_0006.jpg,1
1791,Vojislav_Kostunica_0002.jpg,5
531,FaridaJalal_13.jpg,5
316,Nestor_Kirchner_0011.jpg,0
2086,Avinash_30.jpg,4
350,Adrien_Brody_0002.jpg,1
558,Silvio_Berlusconi_0017.jpg,0
655,Reggie_Sanders_0001.jpg,2
1746,Lisa_Murkowski_0001.jpg,2
798,Alejandro_Toledo_0019.jpg,1
1132,Natalie_Maines_0003.jpg,2
339,Ravan_AG_Farhadi_0001.jpg,0
1714,Dwarakish_59.jpg,5
